"predictor","relationship","observed","expected","expected.low","expected.high","n.exp","one.tailed.p"
"affiliative first contacts","allogrooming",0.929582366965057,0.584792460305228,0.18867326178087,0.947694413237055,5000,0.0552
"aggressive first contacts","allogrooming",-0.402163691476032,-0.328540888057852,-1.07988190174485,-0.0922439641128243,4811,0.250051964248597
"affiliative first contacts","food sharing",-0.444128226073183,-1.69889906737317,-5.11238846479453,-0.30977522716175,5000,0.1848
"aggressive first contacts","food sharing",-0.281322451527938,-2.72578874184723,-4.39417805472162,0.4139726598248,4811,0.76387445437539
